{"cameraMode":{"drawMode":0,"name":"Shaded","section":"Shading Mode"},"sceneLighting":false,"audioPlay":false,"sceneViewState":{"showFog":false,"showMaterialUpdate":false,"showSkybox":false,"showFlares":false,"showImageEffects":false,"showParticleSystems":false},"in2DMode":false,"pivot":{"x":0.2277776598930359,"y":0.39977598190307619,"z":-0.05045241117477417},"rotation":{"x":-0.09209640324115753,"y":-0.7225949764251709,"z":0.09814733266830445,"w":-0.6780450344085693},"size":21.406476974487306,"orthographic":false}