{"cameraMode":{"drawMode":0,"name":"Shaded","section":"Shading Mode"},"sceneLighting":true,"audioPlay":false,"sceneViewState":{"showFog":false,"showMaterialUpdate":false,"showSkybox":false,"showFlares":false,"showImageEffects":false,"showParticleSystems":false},"in2DMode":false,"pivot":{"x":-0.22271877527236939,"y":0.5984562635421753,"z":-4.3227949142456059},"rotation":{"x":0.013093597255647183,"y":0.9856600165367127,"z":-0.09133533388376236,"w":0.14141207933425904},"size":8.251371383666993,"orthographic":true}