{"cameraMode":{"drawMode":0,"name":"Shaded","section":"Shading Mode"},"sceneLighting":false,"audioPlay":false,"sceneViewState":{"showFog":false,"showMaterialUpdate":false,"showSkybox":false,"showFlares":false,"showImageEffects":false,"showParticleSystems":false},"in2DMode":false,"pivot":{"x":-0.05866916477680206,"y":-0.013177641667425633,"z":-0.11007322371006012},"rotation":{"x":0.028986908495426179,"y":-0.9697582721710205,"z":0.19456137716770173,"w":0.14448101818561555},"size":3.7190542221069338,"orthographic":true}